gene_name,control_mean,treatment_mean,fold_change,status,pvalue,statistic
IL6,5.166666666666667,22.8,4.412903225806452,Up-regulated,1.0,0.06704748889368987
TNF,10.433333333333334,13.533333333333333,1.2971246006389776,No change,1.0,0.04739306089646921
VEGFA,32.166666666666664,25.433333333333334,0.7906735751295337,No change,0.9112,0.01753061642383099
